lum,pscale,CE
0.0,0.0,yes
0.0,0.0,yes
0.0,0.0,yes
0.0,0.0,yes
0.0,0.0,yes
0.0,0.0,yes
0.0,0.0,yes
0.0,0.0,yes
0.0,0.0,yes
0.0,0.0,yes
0.0,0.0,yes
0.0,0.0,yes
0.0,0.0,yes
0.0,0.0,yes
0.0,0.0,yes
0.0,0.0,yes
0.0,0.0,yes
0.0,0.0,yes
0.0,0.0,yes
0.0,0.0,yes
0.0,0.0,yes
0.0,0.0,yes
0.0,0.0,yes
0.0,0.0,yes
0.0,0.0,yes
0.0,0.0,yes
0.0,0.0,yes
0.0,0.0,yes
0.0,0.0,yes
0.0,0.0,yes
0.0,0.0,yes
0.0,0.0,yes
0.0,0.0,yes
0.0,0.0,yes
0.0,0.0,yes
0.0,0.0,yes
0.0,0.0,yes
0.0,0.0,yes
0.0,0.0,yes
0.0,0.0,yes
0.0,0.0,yes
0.0,0.0,yes
0.0,0.0,yes
0.0,0.0,yes
0.0,0.0,yes
0.0,0.0,yes
0.0,0.0,yes
0.0,0.0,yes
0.0,0.0,yes
0.0,0.0,yes
0.0,0.0,yes
0.0,0.0,yes
0.0,0.0,yes
0.0,0.0,yes
0.0,0.0,yes
0.0,0.0,yes
0.0,0.0,yes
0.0,0.0,yes
0.0,0.0,yes
0.0,0.0,yes
0.0,0.0,yes
0.0,0.0,yes
0.0,0.0,yes
0.0,0.0,yes
0.0,0.0,yes
0.0,0.0,yes
0.0,0.0,yes
0.0,0.0,yes
0.0,0.0,yes
0.0,0.0,yes
0.0,0.0,yes
0.0,0.0,yes
0.0,0.0,yes
0.0,0.0,yes
0.0,0.0,yes
0.0,0.0,yes
0.0,0.0,yes
0.0,0.0,yes
0.0,0.0,yes
0.0,0.0,yes
0.0,0.0,yes
0.0,0.0,yes
0.0,0.0,yes
0.0,0.0,yes
0.0,0.0,yes
0.0,0.0,yes
0.0,0.0,yes
0.0,0.0,yes
0.0,0.0,yes
0.0,0.0,yes
0.0,0.0,yes
0.0,0.0,yes
0.0,0.0,yes
0.0,0.0,yes
0.0,0.0,yes
0.0,0.0,yes
0.0,0.0,yes
0.0,0.0,yes
0.0,0.0,yes
0.0,0.0,yes
7.2,0.27274550072427906,yes
7.2,0.2731079918949097,yes
7.2,0.2519908832130762,yes
7.2,0.29479914197249646,yes
7.2,0.28057472398545114,yes
7.2,0.2526836397194782,yes
7.2,0.2620499437297305,yes
7.2,0.29006898347927107,yes
7.2,0.27812251276241845,yes
7.2,0.2855091904327067,yes
7.2,0.2858905925736782,yes
7.2,0.26201973329149647,yes
7.2,0.2579730906602423,yes
7.2,0.2975895965945996,yes
7.2,0.2894653500119369,yes
7.2,0.27948460268982606,yes
7.2,0.28544303905623797,yes
7.2,0.26061860606071513,yes
7.2,0.25838921290760397,yes
7.2,0.27817621131934833,yes
7.2,0.2708240363833689,yes
7.2,0.2652130662294343,yes
7.2,0.28208336772253123,yes
7.2,0.26844426788649745,yes
7.2,0.27118092529233007,yes
7.2,0.2541468636196345,yes
7.2,0.2515919585111304,yes
7.2,0.2619220447977248,yes
7.2,0.3077382360834699,yes
7.2,0.23308042782503116,yes
7.2,0.2846254759868867,yes
7.2,0.280031856414701,yes
7.2,0.29992277083346996,yes
7.2,0.24931178091197265,yes
7.2,0.25701981239233596,yes
7.2,0.24343195764301964,yes
7.2,0.26696156076002764,yes
7.2,0.2523897489788248,yes
7.2,0.27991352051748297,yes
7.2,0.2789071787773738,yes
7.2,0.28289458386757643,yes
7.2,0.2819750907064342,yes
7.2,0.25027022639990637,yes
7.2,0.2746305860159364,yes
7.2,0.271304850073023,yes
7.2,0.2877552280877531,yes
7.2,0.2686058257492198,yes
7.2,0.28294053468401187,yes
7.2,0.2623579179301411,yes
7.2,0.2472598303146673,yes
7.2,0.2563386969916668,yes
7.2,0.3004376267551399,yes
7.2,0.2591533986242906,yes
7.2,0.24743456563573188,yes
7.2,0.2705919382373424,yes
7.2,0.2692160116360093,yes
7.2,0.2646897313540254,yes
7.2,0.26922480602367466,yes
7.2,0.2683411879596613,yes
7.2,0.2791765004979648,yes
7.2,0.27948629518035456,yes
7.2,0.2538096967979675,yes
7.2,0.26024097448399774,yes
7.2,0.2648901513242978,yes
7.2,0.2463559571779716,yes
7.2,0.2981737611844668,yes
7.2,0.2898579010734767,yes
7.2,0.28280247748004256,yes
7.2,0.27185214396450197,yes
7.2,0.2590382790313104,yes
7.2,0.2632118696077055,yes
7.2,0.275387117620233,yes
7.2,0.2579071720042213,yes
7.2,0.258946721238848,yes
7.2,0.241531721155513,yes
7.2,0.2706962447781117,yes
7.2,0.2802930173784914,yes
7.2,0.27996009764584007,yes
7.2,0.2605315110895972,yes
7.2,0.27060441573345584,yes
7.2,0.26572473524181434,yes
7.2,0.28576487421990926,yes
7.2,0.2663861268367461,yes
7.2,0.27693509870220057,yes
7.2,0.266620776232848,yes
7.2,0.272209531308225,yes
7.2,0.26643180012499196,yes
7.2,0.27055863037205696,yes
7.2,0.2563374969482538,yes
7.2,0.26479736007581384,yes
7.2,0.28703704115198647,yes
7.2,0.272949392547903,yes
7.2,0.274176950224986,yes
7.2,0.2559596905684627,yes
7.2,0.28166571234904236,yes
7.2,0.29915965019399193,yes
7.2,0.25693652684951956,yes
7.2,0.2720505760599785,yes
7.2,0.256909111216644,yes
7.2,0.25920094869193994,yes
14.4,0.415099504917613,yes
14.4,0.4183704871661683,yes
14.4,0.4219833380740975,yes
14.4,0.4331510253221357,yes
14.4,0.43227562814096215,yes
14.4,0.40566531688939156,yes
14.4,0.42790337300045506,yes
14.4,0.4204863553437104,yes
14.4,0.44289179795616956,yes
14.4,0.4182672134830821,yes
14.4,0.4133244056515995,yes
14.4,0.4181397013836423,yes
14.4,0.4167191741538722,yes
14.4,0.4351935658361638,yes
14.4,0.42437514057930886,yes
14.4,0.42470152927565885,yes
14.4,0.41951299130846426,yes
14.4,0.41579696481007933,yes
14.4,0.43100116802420324,yes
14.4,0.42775367400784997,yes
14.4,0.3987464362124371,yes
14.4,0.41100721991117395,yes
14.4,0.43097069604123556,yes
14.4,0.4130817546116925,yes
14.4,0.4089110970951273,yes
14.4,0.41050592249636264,yes
14.4,0.4185102120437985,yes
14.4,0.42645020382934795,yes
14.4,0.43637417399902284,yes
14.4,0.40876973512038883,yes
14.4,0.41768780809545314,yes
14.4,0.43048432779648266,yes
14.4,0.4392923899796061,yes
14.4,0.4061242744072299,yes
14.4,0.41989758496046,yes
14.4,0.41048501693479694,yes
14.4,0.4195512680484477,yes
14.4,0.39123313498001794,yes
14.4,0.4084923928340348,yes
14.4,0.43017024040095586,yes
14.4,0.42271637727600747,yes
14.4,0.416354784227045,yes
14.4,0.4250287859177292,yes
14.4,0.4298877184363669,yes
14.4,0.42260851543842537,yes
14.4,0.4246980370542905,yes
14.4,0.4239257068873947,yes
14.4,0.4218149535340688,yes
14.4,0.4010461627211992,yes
14.4,0.39902989813524053,yes
14.4,0.4267354986968671,yes
14.4,0.4189045531243295,yes
14.4,0.42909213162021015,yes
14.4,0.4124823379744136,yes
14.4,0.4258558173122551,yes
14.4,0.422721748629637,yes
14.4,0.41704389985161994,yes
14.4,0.4099222102640459,yes
14.4,0.40508366271850244,yes
14.4,0.42107538374814485,yes
14.4,0.4343291557532676,yes
14.4,0.40891504101382764,yes
14.4,0.4184742752788475,yes
14.4,0.4153535986633325,yes
14.4,0.3854232099613364,yes
14.4,0.4391988088720225,yes
14.4,0.4162301425073843,yes
14.4,0.4262086086412595,yes
14.4,0.41702537206487583,yes
14.4,0.40579785579848276,yes
14.4,0.4134108966650133,yes
14.4,0.416278828413297,yes
14.4,0.41620046043177816,yes
14.4,0.40465333118852886,yes
14.4,0.4071380341418889,yes
14.4,0.40940776112476535,yes
14.4,0.4028618421177624,yes
14.4,0.41220213330590394,yes
14.4,0.4193567892601926,yes
14.4,0.4219424177544334,yes
14.4,0.4155765262915322,yes
14.4,0.44326304616786744,yes
14.4,0.4116473059242568,yes
14.4,0.4141211184158819,yes
14.4,0.40914257423834544,yes
14.4,0.4094653770333755,yes
14.4,0.4239865904339078,yes
14.4,0.41618023351735006,yes
14.4,0.4261342580500767,yes
14.4,0.4050236505597044,yes
14.4,0.4176243956741717,yes
14.4,0.43356628103824135,yes
14.4,0.42929928975596077,yes
14.4,0.4124804344694362,yes
14.4,0.4186535914947343,yes
14.4,0.4248480830296155,yes
14.4,0.44145358890234987,yes
14.4,0.42160990931926523,yes
14.4,0.422617647526406,yes
14.4,0.4116378729388033,yes
21.6,0.6299811816143317,yes
21.6,0.627358417845286,yes
21.6,0.6360426660628943,yes
21.6,0.633227221370901,yes
21.6,0.6350048023219639,yes
21.6,0.6113025582813084,yes
21.6,0.6343103383399358,yes
21.6,0.6426560225810708,yes
21.6,0.6337060465454926,yes
21.6,0.6315196806954764,yes
21.6,0.6367018404171343,yes
21.6,0.6264840240082123,yes
21.6,0.6292570194769721,yes
21.6,0.6410898229923342,yes
21.6,0.6428700497414466,yes
21.6,0.6421354991251398,yes
21.6,0.64539783843743,yes
21.6,0.6251324697108985,yes
21.6,0.6357170762403209,yes
21.6,0.6404970847114677,yes
21.6,0.608799838490254,yes
21.6,0.6287903118547495,yes
21.6,0.6327498610003794,yes
21.6,0.6181574411252185,yes
21.6,0.6206381583412148,yes
21.6,0.6194559171350816,yes
21.6,0.6221705417879756,yes
21.6,0.6279352212734631,yes
21.6,0.6505557885090488,yes
21.6,0.6188954875358337,yes
21.6,0.6479028980941889,yes
21.6,0.6366350474899091,yes
21.6,0.6549806216697577,yes
21.6,0.6105181166054127,yes
21.6,0.621180296717737,yes
21.6,0.6029346914111566,yes
21.6,0.6235933543777394,yes
21.6,0.6158319318908672,yes
21.6,0.6259964163012236,yes
21.6,0.6235445643863934,yes
21.6,0.628863360852936,yes
21.6,0.6263911751700973,yes
21.6,0.6287139110585934,yes
21.6,0.6340231939598615,yes
21.6,0.6222825294861704,yes
21.6,0.6255739868368478,yes
21.6,0.6349628658045241,yes
21.6,0.6218785467422058,yes
21.6,0.6295266462941081,yes
21.6,0.6128700111979408,yes
21.6,0.6322656631109946,yes
21.6,0.6303237659864075,yes
21.6,0.6358127791428234,yes
21.6,0.6153576202949255,yes
21.6,0.6349545141391291,yes
21.6,0.6355992933442912,yes
21.6,0.6222286528622182,yes
21.6,0.6114762663990915,yes
21.6,0.6047621128488201,yes
21.6,0.6210890809304156,yes
21.6,0.6454950237865404,yes
21.6,0.6072883133830149,yes
21.6,0.6224132634654107,yes
21.6,0.6208029038358247,yes
21.6,0.610287272095454,yes
21.6,0.6395110169480827,yes
21.6,0.6252605466422317,yes
21.6,0.6383974990682323,yes
21.6,0.6247589292190192,yes
21.6,0.6181583795124371,yes
21.6,0.6147142293116717,yes
21.6,0.626895531739934,yes
21.6,0.6146845480806159,yes
21.6,0.6243353063721852,yes
21.6,0.6208402613389117,yes
21.6,0.6156455254616501,yes
21.6,0.6213433217276287,yes
21.6,0.6190015838892801,yes
21.6,0.6257160247025897,yes
21.6,0.6373773966200438,yes
21.6,0.6135269214745885,yes
21.6,0.6388748464563758,yes
21.6,0.6229378258637266,yes
21.6,0.6234511140611477,yes
21.6,0.6158992252878792,yes
21.6,0.62484170022691,yes
21.6,0.6151319137979216,yes
21.6,0.6245532533028703,yes
21.6,0.636812634078346,yes
21.6,0.6270163390100194,yes
21.6,0.6269456413363116,yes
21.6,0.6437031408765065,yes
21.6,0.6274040750170822,yes
21.6,0.6291549149507007,yes
21.6,0.6387211107908277,yes
21.6,0.6466969637568777,yes
21.6,0.6424639122597666,yes
21.6,0.6250779887439002,yes
21.6,0.6253652882053182,yes
21.6,0.6158055565417071,yes
28.8,0.7997502872806067,yes
28.8,0.7768763494838954,yes
28.8,0.8032915388282167,yes
28.8,0.7804774766324563,yes
28.8,0.776231874721644,yes
28.8,0.7742665563002188,yes
28.8,0.7872756383217364,yes
28.8,0.8022661560288392,yes
28.8,0.7756920057340755,yes
28.8,0.7834998506152422,yes
28.8,0.7755665284156169,yes
28.8,0.7943343141367701,yes
28.8,0.781168539245443,yes
28.8,0.7796137443197629,yes
28.8,0.8002770860801637,yes
28.8,0.7857330212755561,yes
28.8,0.7822940185263374,yes
28.8,0.7928706852759411,yes
28.8,0.77210410417126,yes
28.8,0.7819660160560171,yes
28.8,0.7686756653425938,yes
28.8,0.7896539117533612,yes
28.8,0.7879926040088965,yes
28.8,0.7710376856996737,yes
28.8,0.7754185903183015,yes
28.8,0.7707930140333092,yes
28.8,0.7647784871374953,yes
28.8,0.7893110685688809,yes
28.8,0.7938845014915067,yes
28.8,0.7628192272446483,yes
28.8,0.7900263149137943,yes
28.8,0.8074678574987523,yes
28.8,0.8050829307765172,yes
28.8,0.7673345856048591,yes
28.8,0.7851955074494523,yes
28.8,0.7716163205476062,yes
28.8,0.7653061253097785,yes
28.8,0.7713274685491521,yes
28.8,0.7851671360655768,yes
28.8,0.7740686445105623,yes
28.8,0.7815251633448768,yes
28.8,0.7810618360512116,yes
28.8,0.7877082498974296,yes
28.8,0.7804049057780926,yes
28.8,0.7907731577340779,yes
28.8,0.7799379870933246,yes
28.8,0.7924149135833852,yes
28.8,0.7610976954813488,yes
28.8,0.7787331534158726,yes
28.8,0.7616614169216068,yes
28.8,0.7889074539878959,yes
28.8,0.7808225016063083,yes
28.8,0.7855586017159323,yes
28.8,0.7755673220956819,yes
28.8,0.7841086823684588,yes
28.8,0.8099151600467157,yes
28.8,0.7843432153644213,yes
28.8,0.7757259601875867,yes
28.8,0.7592410915319541,yes
28.8,0.7756229021005387,yes
28.8,0.7949373665530235,yes
28.8,0.764546951628255,yes
28.8,0.7802914083147665,yes
28.8,0.7672746847849649,yes
28.8,0.760736298361696,yes
28.8,0.7750408301164295,yes
28.8,0.7734900130353585,yes
28.8,0.7826196021591029,yes
28.8,0.7763065831384185,yes
28.8,0.7756319377174483,yes
28.8,0.7660495544585437,yes
28.8,0.7662993865437534,yes
28.8,0.7760245769577915,yes
28.8,0.7825375404866287,yes
28.8,0.7694627782740591,yes
28.8,0.7642040162060744,yes
28.8,0.7704111866048298,yes
28.8,0.7675359267421602,yes
28.8,0.7672199930402913,yes
28.8,0.7936253631378085,yes
28.8,0.7700005331672292,yes
28.8,0.8035713888134324,yes
28.8,0.7725479883042133,yes
28.8,0.7653056234739731,yes
28.8,0.7717886181852274,yes
28.8,0.7690781288411336,yes
28.8,0.7736785689920599,yes
28.8,0.7819608067477725,yes
28.8,0.7949076276116049,yes
28.8,0.7722822246442058,yes
28.8,0.7758049860162093,yes
28.8,0.7957527113214684,yes
28.8,0.7798651377390318,yes
28.8,0.7885578617147744,yes
28.8,0.7866973341151713,yes
28.8,0.8085966438065633,yes
28.8,0.8047934283034031,yes
28.8,0.7807007323595256,yes
28.8,0.785186569378317,yes
28.8,0.7803904825117988,yes
36.1,0.8722158121074078,yes
36.1,0.8562462307459554,yes
36.1,0.8725589799910701,yes
36.1,0.8593512957342956,yes
36.1,0.8541576085388495,yes
36.1,0.8495965078465515,yes
36.1,0.8632700823401166,yes
36.1,0.8802226928246891,yes
36.1,0.8453633247326559,yes
36.1,0.855684197608874,yes
36.1,0.8554466369792731,yes
36.1,0.8713462505021609,yes
36.1,0.8548660626319182,yes
36.1,0.8567864605977433,yes
36.1,0.8705275656760654,yes
36.1,0.8663328304524675,yes
36.1,0.8575951528976707,yes
36.1,0.8490961146095563,yes
36.1,0.8495620025724747,yes
36.1,0.8508857100638381,yes
36.1,0.8521572912309325,yes
36.1,0.8650379976431887,yes
36.1,0.8593519967999158,yes
36.1,0.8510424938342113,yes
36.1,0.8453330953281902,yes
36.1,0.8512700818734629,yes
36.1,0.8554791527571758,yes
36.1,0.8552361612199849,yes
36.1,0.8726834703008568,yes
36.1,0.8437077323069216,yes
36.1,0.8581396069160221,yes
36.1,0.8560314318438687,yes
36.1,0.8837265211687345,yes
36.1,0.8488576544495768,yes
36.1,0.8574451982557325,yes
36.1,0.849337746599367,yes
36.1,0.8530278554622724,yes
36.1,0.8487472389467914,yes
36.1,0.8500494162636103,yes
36.1,0.8575333079775493,yes
36.1,0.8677947060580237,yes
36.1,0.857345706122377,yes
36.1,0.8499365387774719,yes
36.1,0.8620761053621003,yes
36.1,0.8668118004437851,yes
36.1,0.8742690009846404,yes
36.1,0.8674874079807966,yes
36.1,0.8541284393370854,yes
36.1,0.8491739975675439,yes
36.1,0.836238008604157,yes
36.1,0.857218795551067,yes
36.1,0.8560731935472428,yes
36.1,0.8487226737759089,yes
36.1,0.8531351463299998,yes
36.1,0.8559486700708318,yes
36.1,0.8811966958152296,yes
36.1,0.8479311773679461,yes
36.1,0.8314746811311408,yes
36.1,0.8475735579692222,yes
36.1,0.8419848448024269,yes
36.1,0.8718367229659596,yes
36.1,0.8327443962965558,yes
36.1,0.8549288354963557,yes
36.1,0.8526016723722558,yes
36.1,0.8386392423539222,yes
36.1,0.8701671041909312,yes
36.1,0.8574508288683884,yes
36.1,0.862694315657422,yes
36.1,0.8513993753995358,yes
36.1,0.8448168445912446,yes
36.1,0.8445644397749835,yes
36.1,0.8440509625269371,yes
36.1,0.8422362676049662,yes
36.1,0.8553776395031902,yes
36.1,0.842412441205922,yes
36.1,0.8399981925896715,yes
36.1,0.840905508108577,yes
36.1,0.8422146570150394,yes
36.1,0.8409513091593993,yes
36.1,0.8673856354472032,yes
36.1,0.8528811839478901,yes
36.1,0.8726548247592247,yes
36.1,0.8639099591987923,yes
36.1,0.8469610181293092,yes
36.1,0.8501401771798601,yes
36.1,0.8504231096191517,yes
36.1,0.8465875272853529,yes
36.1,0.8589466439179779,yes
36.1,0.8694868210913926,yes
36.1,0.8386392961245887,yes
36.1,0.8542054173271802,yes
36.1,0.8792478278542762,yes
36.1,0.8479565344798293,yes
36.1,0.8676090079034766,yes
36.1,0.8511084678285914,yes
36.1,0.8760715913494439,yes
36.1,0.8852009691750513,yes
36.1,0.8654151657197823,yes
36.1,0.8617063793124481,yes
36.1,0.853042630273251,yes
43.3,0.9305241354465723,yes
43.3,0.9269490244283649,yes
43.3,0.9318602062302732,yes
43.3,0.8977768998713607,yes
43.3,0.911343283530756,yes
43.3,0.9095126255349238,yes
43.3,0.9171265296352586,yes
43.3,0.9195799685739385,yes
43.3,0.9037794519070877,yes
43.3,0.9040882030716316,yes
43.3,0.8994521705325494,yes
43.3,0.9281658426094754,yes
43.3,0.9106610044505071,yes
43.3,0.906585320470733,yes
43.3,0.9264407120846836,yes
43.3,0.9291790571007736,yes
43.3,0.9097870628279767,yes
43.3,0.9132164093160142,yes
43.3,0.8983389399553163,yes
43.3,0.9128912117674234,yes
43.3,0.9093669233520411,yes
43.3,0.9116601442344617,yes
43.3,0.9126081115415705,yes
43.3,0.8965313381454677,yes
43.3,0.928597101910783,yes
43.3,0.8936957224818237,yes
43.3,0.887475005644001,yes
43.3,0.9037640214745651,yes
43.3,0.9104265320151116,yes
43.3,0.8916722215607422,yes
43.3,0.9193560189004708,yes
43.3,0.9250002143090396,yes
43.3,0.93092770363023,yes
43.3,0.8812312516957658,yes
43.3,0.8993689927941515,yes
43.3,0.8908693921052915,yes
43.3,0.8959180111790954,yes
43.3,0.9104198857458805,yes
43.3,0.8988712327457954,yes
43.3,0.9128635104526879,yes
43.3,0.8947203278718667,yes
43.3,0.894126888090711,yes
43.3,0.8986990219141954,yes
43.3,0.9158348111613033,yes
43.3,0.924469619229847,yes
43.3,0.9060451029405572,yes
43.3,0.9174918602194366,yes
43.3,0.8969679063318354,yes
43.3,0.907469113473218,yes
43.3,0.8921239207625087,yes
43.3,0.9130413372913415,yes
43.3,0.890305123643902,yes
43.3,0.9066717602594526,yes
43.3,0.9036538332163974,yes
43.3,0.8979209290391272,yes
43.3,0.924272483732662,yes
43.3,0.9099225114544934,yes
43.3,0.8833701262419003,yes
43.3,0.8818440705363998,yes
43.3,0.8864803212366309,yes
43.3,0.93309083983551,yes
43.3,0.9067810659825571,yes
43.3,0.9049231709503462,yes
43.3,0.889158661025826,yes
43.3,0.899896328941739,yes
43.3,0.9120334359639805,yes
43.3,0.8977284214016052,yes
43.3,0.9052083766056283,yes
43.3,0.9095499909944829,yes
43.3,0.891602797230914,yes
43.3,0.8960626453454099,yes
43.3,0.89360053778133,yes
43.3,0.887595130379773,yes
43.3,0.9011000859023057,yes
43.3,0.8839444290926625,yes
43.3,0.891908749222552,yes
43.3,0.8877325338697776,yes
43.3,0.8923029066184527,yes
43.3,0.9073465932785716,yes
43.3,0.9167558124876517,yes
43.3,0.9197416217195045,yes
43.3,0.9394254132854543,yes
43.3,0.9129721672392295,yes
43.3,0.9067090706917982,yes
43.3,0.8978537528102952,yes
43.3,0.9068521703902983,yes
43.3,0.9147454281448915,yes
43.3,0.9137282818155963,yes
43.3,0.9137825580760148,yes
43.3,0.9036617594678479,yes
43.3,0.9187813538403283,yes
43.3,0.928876860000497,yes
43.3,0.9009114634157571,yes
43.3,0.9140744628906721,yes
43.3,0.9081897972117635,yes
43.3,0.9370550396169922,yes
43.3,0.9291385701035393,yes
43.3,0.9072620204366569,yes
43.3,0.9139035534779374,yes
43.3,0.9151013352318267,yes
50.5,0.9602726141818296,yes
50.5,0.9606963146838579,yes
50.5,0.9742112726794201,yes
50.5,0.9333639202977506,yes
50.5,0.9384365623737942,yes
50.5,0.9352336228488473,yes
50.5,0.9448760985319704,yes
50.5,0.9485463034226311,yes
50.5,0.9456560328265743,yes
50.5,0.9444162301159399,yes
50.5,0.9290588918500897,yes
50.5,0.9603360249891746,yes
50.5,0.9478316215385065,yes
50.5,0.9322887690815918,yes
50.5,0.9739005692920655,yes
50.5,0.9608127580673943,yes
50.5,0.9512407781642961,yes
50.5,0.9435794535239395,yes
50.5,0.9329484119650938,yes
50.5,0.9474384910611626,yes
50.5,0.9364177132501584,yes
50.5,0.9513232196459557,yes
50.5,0.9481535727613802,yes
50.5,0.9268140672075478,yes
50.5,0.9552436900622379,yes
50.5,0.9384020735596355,yes
50.5,0.9310672774964739,yes
50.5,0.950914071829659,yes
50.5,0.9534399439582788,yes
50.5,0.9323849311428378,yes
50.5,0.943685220709424,yes
50.5,0.957088269755639,yes
50.5,0.9553369458731609,yes
50.5,0.9344456175881317,yes
50.5,0.9479476150933144,yes
50.5,0.9304185354917174,yes
50.5,0.9313268212925383,yes
50.5,0.9326729805391956,yes
50.5,0.9511373837103162,yes
50.5,0.945465238935285,yes
50.5,0.9397316079090332,yes
50.5,0.9518091851140816,yes
50.5,0.9501934400662552,yes
50.5,0.9508059211347962,yes
50.5,0.950592519843833,yes
50.5,0.9431009193983022,yes
50.5,0.943640714436802,yes
50.5,0.9265228748440626,yes
50.5,0.9381572447530815,yes
50.5,0.9337541965480439,yes
50.5,0.939860190407083,yes
50.5,0.9436070794248506,yes
50.5,0.9457320216029476,yes
50.5,0.9515556243236577,yes
50.5,0.9367306226999143,yes
50.5,0.9650099570715404,yes
50.5,0.9386340527077672,yes
50.5,0.9299973025697554,yes
50.5,0.9246423050879231,yes
50.5,0.9443179962147495,yes
50.5,0.9649439318477799,yes
50.5,0.9431434491185682,yes
50.5,0.9598260486137252,yes
50.5,0.933678392444331,yes
50.5,0.9371690290255149,yes
50.5,0.9351825237703199,yes
50.5,0.9420806328622954,yes
50.5,0.9467159781372879,yes
50.5,0.9428465945980519,yes
50.5,0.9292548052416443,yes
50.5,0.9285723627460796,yes
50.5,0.9470700132673389,yes
50.5,0.9228529998763331,yes
50.5,0.9344374844411524,yes
50.5,0.9234361069294089,yes
50.5,0.9336749870650843,yes
50.5,0.9389316919877019,yes
50.5,0.935079986571426,yes
50.5,0.9368884578971629,yes
50.5,0.9589692222728884,yes
50.5,0.9319832878195828,yes
50.5,0.9721088017727968,yes
50.5,0.9430137648336699,yes
50.5,0.9393356830796602,yes
50.5,0.9388802914106523,yes
50.5,0.9509835224747064,yes
50.5,0.967544101751746,yes
50.5,0.933728511599733,yes
50.5,0.9513977787098503,yes
50.5,0.9462034537089972,yes
50.5,0.9499977943435955,yes
50.5,0.949719333366755,yes
50.5,0.9335561046848375,yes
50.5,0.9426711748929852,yes
50.5,0.9510726275821431,yes
50.5,0.9645132330051517,yes
50.5,0.9733514649173778,yes
50.5,0.9453357959870321,yes
50.5,0.9589893039739792,yes
50.5,0.9371425826655003,yes
57.7,0.995667028218708,yes
57.7,0.9885446040351162,yes
57.7,0.9805297824640361,yes
57.7,0.9707484623388059,yes
57.7,0.9669637928206828,yes
57.7,0.9614559499209803,yes
57.7,0.9748419893650767,yes
57.7,0.9726126070077268,yes
57.7,0.9733177831057215,yes
57.7,0.9710030967650201,yes
57.7,0.9681406075183537,yes
57.7,0.9744226929078255,yes
57.7,0.9676160516796324,yes
57.7,0.9643612501404031,yes
57.7,0.9921372155460662,yes
57.7,0.9769703163455948,yes
57.7,0.9835566840480664,yes
57.7,0.991885873125163,yes
57.7,0.9647699250268654,yes
57.7,0.970168210238887,yes
57.7,0.9699489343220671,yes
57.7,0.9631287615779766,yes
57.7,0.9783749351361972,yes
57.7,0.9550256358813787,yes
57.7,0.9741032015941472,yes
57.7,0.9792758081477525,yes
57.7,0.9625965812493851,yes
57.7,0.9790429697427037,yes
57.7,0.9909532833002463,yes
57.7,0.9663493739638764,yes
57.7,0.9796313702752022,yes
57.7,0.986659489538461,yes
57.7,0.9925373033440883,yes
57.7,0.9809931933859067,yes
57.7,0.9691567903225945,yes
57.7,0.972615533446888,yes
57.7,0.9749980968751125,yes
57.7,0.9459810066998248,yes
57.7,0.98628779267892,yes
57.7,0.9847006800948583,yes
57.7,0.9572030045532717,yes
57.7,0.9633754163837459,yes
57.7,0.9805570240364164,yes
57.7,1.000454106486537,yes
57.7,0.9747029745501178,yes
57.7,0.9823555857138787,yes
57.7,0.9700958280740082,yes
57.7,0.9566328257548484,yes
57.7,0.9671074323873897,yes
57.7,0.9576327750385462,yes
57.7,0.9746044280633124,yes
57.7,0.9688314295124861,yes
57.7,0.9601125434069927,yes
57.7,0.9759453053574098,yes
57.7,0.9556027035178934,yes
57.7,0.9899575626170014,yes
57.7,0.961354454872663,yes
57.7,0.9569738765411547,yes
57.7,0.9367795689657148,yes
57.7,0.9591643652334002,yes
57.7,0.9914110703424283,yes
57.7,0.9671914045165524,yes
57.7,0.9845435822090143,yes
57.7,0.9728470638590148,yes
57.7,0.9640354664809938,yes
57.7,0.9677887942919311,yes
57.7,0.9676100754207994,yes
57.7,0.9744185711617243,yes
57.7,0.9790733865406588,yes
57.7,0.9646655685296179,yes
57.7,0.9581862769543211,yes
57.7,0.9614184214530171,yes
57.7,0.9606787231040249,yes
57.7,0.9751849960631453,yes
57.7,0.9688945538542847,yes
57.7,0.9536706280375385,yes
57.7,0.9653806839680682,yes
57.7,0.953303475618891,yes
57.7,0.9536738423021969,yes
57.7,0.9818093195022626,yes
57.7,0.9723870014332366,yes
57.7,0.9965921170993277,yes
57.7,0.9977732534500489,yes
57.7,0.9784874850173634,yes
57.7,0.979408244008585,yes
57.7,0.9751465293037369,yes
57.7,0.9870796747325202,yes
57.7,0.9623096610815025,yes
57.7,0.9818127887946675,yes
57.7,0.9683983022054777,yes
57.7,0.9696211220885921,yes
57.7,0.9878054836165722,yes
57.7,0.9710426757407561,yes
57.7,0.9930127942937719,yes
57.7,0.9809172757579391,yes
57.7,0.9857991548686983,yes
57.7,0.9902758329654116,yes
57.7,0.977915768875495,yes
57.7,0.9825676133096266,yes
57.7,0.9750350777337521,yes
65.0,1.0,yes
65.0,1.0,yes
65.0,1.0,yes
65.0,1.0,yes
65.0,1.0,yes
65.0,1.0,yes
65.0,1.0,yes
65.0,1.0,yes
65.0,1.0,yes
65.0,1.0,yes
65.0,1.0,yes
65.0,1.0,yes
65.0,1.0,yes
65.0,1.0,yes
65.0,1.0,yes
65.0,1.0,yes
65.0,1.0,yes
65.0,1.0,yes
65.0,1.0,yes
65.0,1.0,yes
65.0,1.0,yes
65.0,1.0,yes
65.0,1.0,yes
65.0,1.0,yes
65.0,1.0,yes
65.0,1.0,yes
65.0,1.0,yes
65.0,1.0,yes
65.0,1.0,yes
65.0,1.0,yes
65.0,1.0,yes
65.0,1.0,yes
65.0,1.0,yes
65.0,1.0,yes
65.0,1.0,yes
65.0,1.0,yes
65.0,1.0,yes
65.0,1.0,yes
65.0,1.0,yes
65.0,1.0,yes
65.0,1.0,yes
65.0,1.0,yes
65.0,1.0,yes
65.0,1.0,yes
65.0,1.0,yes
65.0,1.0,yes
65.0,1.0,yes
65.0,1.0,yes
65.0,1.0,yes
65.0,1.0,yes
65.0,1.0,yes
65.0,1.0,yes
65.0,1.0,yes
65.0,1.0,yes
65.0,1.0,yes
65.0,1.0,yes
65.0,1.0,yes
65.0,1.0,yes
65.0,1.0,yes
65.0,1.0,yes
65.0,1.0,yes
65.0,1.0,yes
65.0,1.0,yes
65.0,1.0,yes
65.0,1.0,yes
65.0,1.0,yes
65.0,1.0,yes
65.0,1.0,yes
65.0,1.0,yes
65.0,1.0,yes
65.0,1.0,yes
65.0,1.0,yes
65.0,1.0,yes
65.0,1.0,yes
65.0,1.0,yes
65.0,1.0,yes
65.0,1.0,yes
65.0,1.0,yes
65.0,1.0,yes
65.0,1.0,yes
65.0,1.0,yes
65.0,1.0,yes
65.0,1.0,yes
65.0,1.0,yes
65.0,1.0,yes
65.0,1.0,yes
65.0,1.0,yes
65.0,1.0,yes
65.0,1.0,yes
65.0,1.0,yes
65.0,1.0,yes
65.0,1.0,yes
65.0,1.0,yes
65.0,1.0,yes
65.0,1.0,yes
65.0,1.0,yes
65.0,1.0,yes
65.0,1.0,yes
65.0,1.0,yes
65.0,1.0,yes
0.0,0.0,no
0.0,0.0,no
0.0,0.0,no
0.0,0.0,no
0.0,0.0,no
0.0,0.0,no
0.0,0.0,no
0.0,0.0,no
0.0,0.0,no
0.0,0.0,no
0.0,0.0,no
0.0,0.0,no
0.0,0.0,no
0.0,0.0,no
0.0,0.0,no
0.0,0.0,no
0.0,0.0,no
0.0,0.0,no
0.0,0.0,no
0.0,0.0,no
0.0,0.0,no
0.0,0.0,no
0.0,0.0,no
0.0,0.0,no
0.0,0.0,no
0.0,0.0,no
0.0,0.0,no
0.0,0.0,no
0.0,0.0,no
0.0,0.0,no
0.0,0.0,no
0.0,0.0,no
0.0,0.0,no
0.0,0.0,no
0.0,0.0,no
0.0,0.0,no
0.0,0.0,no
0.0,0.0,no
0.0,0.0,no
0.0,0.0,no
0.0,0.0,no
0.0,0.0,no
0.0,0.0,no
0.0,0.0,no
0.0,0.0,no
0.0,0.0,no
0.0,0.0,no
0.0,0.0,no
0.0,0.0,no
0.0,0.0,no
0.0,0.0,no
0.0,0.0,no
0.0,0.0,no
0.0,0.0,no
0.0,0.0,no
0.0,0.0,no
0.0,0.0,no
0.0,0.0,no
0.0,0.0,no
0.0,0.0,no
0.0,0.0,no
0.0,0.0,no
0.0,0.0,no
0.0,0.0,no
0.0,0.0,no
0.0,0.0,no
0.0,0.0,no
0.0,0.0,no
0.0,0.0,no
0.0,0.0,no
0.0,0.0,no
0.0,0.0,no
0.0,0.0,no
0.0,0.0,no
0.0,0.0,no
0.0,0.0,no
0.0,0.0,no
0.0,0.0,no
0.0,0.0,no
0.0,0.0,no
0.0,0.0,no
0.0,0.0,no
0.0,0.0,no
0.0,0.0,no
0.0,0.0,no
0.0,0.0,no
0.0,0.0,no
0.0,0.0,no
0.0,0.0,no
0.0,0.0,no
0.0,0.0,no
0.0,0.0,no
0.0,0.0,no
0.0,0.0,no
0.0,0.0,no
0.0,0.0,no
0.0,0.0,no
0.0,0.0,no
0.0,0.0,no
0.0,0.0,no
7.2,0.36322196096354714,no
7.2,0.37502327808550506,no
7.2,0.3587974300308052,no
7.2,0.3620600772323175,no
7.2,0.3605311847094962,no
7.2,0.364329211676316,no
7.2,0.35689033943441484,no
7.2,0.37338336703456454,no
7.2,0.3694453298597975,no
7.2,0.3522829584359875,no
7.2,0.36526351676375235,no
7.2,0.3420188740138284,no
7.2,0.3600538633388502,no
7.2,0.3648351137454364,no
7.2,0.38695557349347165,no
7.2,0.3505218264436228,no
7.2,0.379194852424645,no
7.2,0.3733813595379051,no
7.2,0.3739353487000911,no
7.2,0.39233084835300785,no
7.2,0.3619668521580307,no
7.2,0.35770190766417753,no
7.2,0.3684114466687804,no
7.2,0.3835342221782711,no
7.2,0.3755462357848791,no
7.2,0.36082065982799644,no
7.2,0.3488422987829097,no
7.2,0.3538389784701483,no
7.2,0.36357671086212107,no
7.2,0.36923382390212267,no
7.2,0.35514689697143587,no
7.2,0.350556394588102,no
7.2,0.3549830869722702,no
7.2,0.36769201992144407,no
7.2,0.3704126013419753,no
7.2,0.3784753266569661,no
7.2,0.3781147105464185,no
7.2,0.35824972081605577,no
7.2,0.38372304914180316,no
7.2,0.3740721133826,no
7.2,0.35782966075946593,no
7.2,0.3534570701865694,no
7.2,0.36804811509482177,no
7.2,0.36011336124678506,no
7.2,0.35054248437703817,no
7.2,0.37640121530582954,no
7.2,0.38675968427660146,no
7.2,0.37404646934810387,no
7.2,0.3779158964259922,no
7.2,0.367305703603469,no
7.2,0.3489718447016832,no
7.2,0.38463755723078125,no
7.2,0.3650152248518224,no
7.2,0.35965717399962216,no
7.2,0.3625805348000844,no
7.2,0.3684077804839571,no
7.2,0.36149301625228886,no
7.2,0.37971346019043484,no
7.2,0.39049262843369115,no
7.2,0.3528656415497843,no
7.2,0.37557693239781137,no
7.2,0.35283178345889493,no
7.2,0.36303603093434217,no
7.2,0.36418733980675927,no
7.2,0.36553765250495696,no
7.2,0.3501446517749386,no
7.2,0.36226044205785746,no
7.2,0.35962910011716903,no
7.2,0.35869532876177945,no
7.2,0.3820185899192818,no
7.2,0.3668118410139515,no
7.2,0.36711619566701464,no
7.2,0.3686361497415623,no
7.2,0.35883082434407537,no
7.2,0.3518941168000767,no
7.2,0.37397708469844315,no
7.2,0.3769728544148687,no
7.2,0.36112996594166485,no
7.2,0.3896390068205254,no
7.2,0.3603818460863072,no
7.2,0.36100906336636407,no
7.2,0.35769521509313157,no
7.2,0.3448746201994262,no
7.2,0.3530666004512555,no
7.2,0.362425608463265,no
7.2,0.38085926617818877,no
7.2,0.3686949307252354,no
7.2,0.3606493102726067,no
7.2,0.3413667941334635,no
7.2,0.3698096306633909,no
7.2,0.3849547975087808,no
7.2,0.3818327762373911,no
7.2,0.35524349763926255,no
7.2,0.35312603374672025,no
7.2,0.35754483869997133,no
7.2,0.3926645595807111,no
7.2,0.3603884406563348,no
7.2,0.366899987917927,no
7.2,0.3584287218483407,no
7.2,0.36630856282167784,no
14.4,0.49630382881149615,no
14.4,0.5079354846956796,no
14.4,0.5084800029572525,no
14.4,0.5073921560767417,no
14.4,0.505455554509803,no
14.4,0.5035023240935206,no
14.4,0.5026321677378426,no
14.4,0.49101972221349255,no
14.4,0.4958779106411904,no
14.4,0.5003523501373552,no
14.4,0.5015645711864565,no
14.4,0.49738018962239017,no
14.4,0.5121047271012181,no
14.4,0.5039270815773744,no
14.4,0.5057130138731423,no
14.4,0.4851910284511655,no
14.4,0.5151590288137765,no
14.4,0.5036788951007148,no
14.4,0.5170167639489005,no
14.4,0.5189117198199572,no
14.4,0.49353020075463,no
14.4,0.48037441675276144,no
14.4,0.5138720979443459,no
14.4,0.5061238085928051,no
14.4,0.4981246863074259,no
14.4,0.4926747220604571,no
14.4,0.4901707312364869,no
14.4,0.491720293551579,no
14.4,0.47880573195161596,no
14.4,0.5086632708644168,no
14.4,0.48630568982073097,no
14.4,0.4870827351789907,no
14.4,0.4902974588292531,no
14.4,0.5086075182654514,no
14.4,0.4807036795455412,no
14.4,0.5165215407524085,no
14.4,0.5180796077840744,no
14.4,0.49972517494762025,no
14.4,0.5240925110017576,no
14.4,0.5129303758654634,no
14.4,0.501554434400869,no
14.4,0.503499178021451,no
14.4,0.5036631586351505,no
14.4,0.48554095831472066,no
14.4,0.4860680391850766,no
14.4,0.5095930161056931,no
14.4,0.5118130223600537,no
14.4,0.5008293217416189,no
14.4,0.5091835751649142,no
14.4,0.4931563105789614,no
14.4,0.4953582780111714,no
14.4,0.511735139817616,no
14.4,0.5132894493436917,no
14.4,0.4964522307867717,no
14.4,0.4997023169122282,no
14.4,0.5049895345370733,no
14.4,0.5017444242711881,no
14.4,0.5162460494312069,no
14.4,0.5079438037988698,no
14.4,0.5027892686166344,no
14.4,0.5060809264670387,no
14.4,0.49016548614981253,no
14.4,0.5089713919729854,no
14.4,0.49743328829450245,no
14.4,0.49278407401243707,no
14.4,0.4856520727341204,no
14.4,0.4909454948011543,no
14.4,0.48872341063320845,no
14.4,0.49750945597509916,no
14.4,0.49891351722239397,no
14.4,0.5104097688648495,no
14.4,0.5144810764857457,no
14.4,0.49962800773184146,no
14.4,0.5053200833127676,no
14.4,0.4958907267883778,no
14.4,0.5016962269062444,no
14.4,0.50720361142576,no
14.4,0.4926690143312058,no
14.4,0.5189118499861552,no
14.4,0.49691394623396,no
14.4,0.498411054283703,no
14.4,0.5060335404907396,no
14.4,0.487794216478795,no
14.4,0.5088326625914334,no
14.4,0.490482951784411,no
14.4,0.5099096855004017,no
14.4,0.5146656702628797,no
14.4,0.4915517187950087,no
14.4,0.48114021623781705,no
14.4,0.4839194193207506,no
14.4,0.5036614279360079,no
14.4,0.5273607855971056,no
14.4,0.5178895221338262,no
14.4,0.48703822806229435,no
14.4,0.4931983446232247,no
14.4,0.5241803406043102,no
14.4,0.4961885471975637,no
14.4,0.5029509914520528,no
14.4,0.5007007363771661,no
14.4,0.527294757992747,no
21.6,0.5991081402376606,no
21.6,0.6184678439769694,no
21.6,0.6014359396542827,no
21.6,0.6071329008145189,no
21.6,0.6017003968088017,no
21.6,0.6131277635308768,no
21.6,0.5876815746756823,no
21.6,0.601523349694667,no
21.6,0.5982504490749551,no
21.6,0.598688352425215,no
21.6,0.6031344649939431,no
21.6,0.6000904120165256,no
21.6,0.6120940487781334,no
21.6,0.5954519218508968,no
21.6,0.6234469084672676,no
21.6,0.5897385669542623,no
21.6,0.6103955244328301,no
21.6,0.6086810360611786,no
21.6,0.6225343986853898,no
21.6,0.6294367110490388,no
21.6,0.6019577599988294,no
21.6,0.6015986110610327,no
21.6,0.6159994486811765,no
21.6,0.6247519873691807,no
21.6,0.6111540130504697,no
21.6,0.5918494740461469,no
21.6,0.6024894728584739,no
21.6,0.5953201608765604,no
21.6,0.599760244364782,no
21.6,0.6112879911945724,no
21.6,0.5892322190236827,no
21.6,0.5878124427051618,no
21.6,0.6046125646170165,no
21.6,0.6062322807082002,no
21.6,0.5962607898104704,no
21.6,0.6259525099314173,no
21.6,0.6247958884633503,no
21.6,0.5982397114617606,no
21.6,0.63122393011027,no
21.6,0.612133116965282,no
21.6,0.5984426792565545,no
21.6,0.6091910375060774,no
21.6,0.6137820914517894,no
21.6,0.5871905298293449,no
21.6,0.5859952325420037,no
21.6,0.6127679953215799,no
21.6,0.6161014413604724,no
21.6,0.6180786767489977,no
21.6,0.6041123423127761,no
21.6,0.6048229904987047,no
21.6,0.5966596869162515,no
21.6,0.6174800309723607,no
21.6,0.6030501059243919,no
21.6,0.582843072742843,no
21.6,0.5969774650867686,no
21.6,0.5935273621091866,no
21.6,0.5975423792030432,no
21.6,0.6162006279043157,no
21.6,0.6178210230053122,no
21.6,0.5982171164318031,no
21.6,0.6153144992697018,no
21.6,0.5879169014816629,no
21.6,0.6030078180981843,no
21.6,0.5948342793523056,no
21.6,0.6056591054786079,no
21.6,0.5954278157163588,no
21.6,0.5987804022543254,no
21.6,0.5966224643433743,no
21.6,0.603213243044608,no
21.6,0.6121373549573368,no
21.6,0.6116777788400124,no
21.6,0.6087979450315122,no
21.6,0.6029099860713872,no
21.6,0.5988187513884342,no
21.6,0.5934139406286365,no
21.6,0.6002980368761941,no
21.6,0.6075637339178674,no
21.6,0.5955099506260737,no
21.6,0.6294232049147278,no
21.6,0.5967320696344486,no
21.6,0.5970009334615046,no
21.6,0.5932094062992456,no
21.6,0.6010034567929406,no
21.6,0.6060500080219011,no
21.6,0.6042101736119049,no
21.6,0.6026893810679129,no
21.6,0.6015453357100214,no
21.6,0.5987146686807863,no
21.6,0.591347259365653,no
21.6,0.606607462301427,no
21.6,0.6108044244920996,no
21.6,0.6293333089446128,no
21.6,0.5992309602623561,no
21.6,0.5979856180942048,no
21.6,0.5945207577473358,no
21.6,0.6340368085909153,no
21.6,0.5984322120636048,no
21.6,0.6069511664011696,no
21.6,0.597820282778216,no
21.6,0.6263569419517246,no
28.8,0.6920923206209123,no
28.8,0.6935182768966471,no
28.8,0.6997393665937386,no
28.8,0.6934326220993225,no
28.8,0.6860550011162915,no
28.8,0.6892180352486257,no
28.8,0.6753723122092129,no
28.8,0.67756948281336,no
28.8,0.6921925096244652,no
28.8,0.7005764368117675,no
28.8,0.6930422904053304,no
28.8,0.6812064953685587,no
28.8,0.7055388997417197,no
28.8,0.6852163358429483,no
28.8,0.7003494946181257,no
28.8,0.6865513348719423,no
28.8,0.6817724796697193,no
28.8,0.6957773088371643,no
28.8,0.6927936378428851,no
28.8,0.7149487595511693,no
28.8,0.6962824076441202,no
28.8,0.6839544888718819,no
28.8,0.6925182922534628,no
28.8,0.691421474143236,no
28.8,0.6922376255147504,no
28.8,0.6894015446931684,no
28.8,0.6810411115412953,no
28.8,0.687215939294569,no
28.8,0.6818027524389358,no
28.8,0.6950213340932457,no
28.8,0.6778873171194955,no
28.8,0.6843807494274038,no
28.8,0.6818914286538026,no
28.8,0.6736103336328182,no
28.8,0.700993029514133,no
28.8,0.705266958547292,no
28.8,0.6976644123306806,no
28.8,0.6985818395892535,no
28.8,0.7156642560393375,no
28.8,0.704185663686145,no
28.8,0.6836258290207607,no
28.8,0.6922031860321942,no
28.8,0.6882831557336206,no
28.8,0.6684845162832169,no
28.8,0.6718354827572629,no
28.8,0.7013476060620316,no
28.8,0.6932375478195358,no
28.8,0.7061373972383433,no
28.8,0.6989877263100188,no
28.8,0.6872892165860457,no
28.8,0.6889371600963079,no
28.8,0.7080176890721098,no
28.8,0.7030071285181515,no
28.8,0.6881058881319837,no
28.8,0.6818654604681503,no
28.8,0.6843183866341999,no
28.8,0.6943509978550074,no
28.8,0.697293670976214,no
28.8,0.706992276335985,no
28.8,0.6855974322355287,no
28.8,0.6854377704628076,no
28.8,0.685448591370792,no
28.8,0.6738939428638937,no
28.8,0.6845909747403711,no
28.8,0.6880149970880423,no
28.8,0.6832003813566367,no
28.8,0.6862681992350459,no
28.8,0.6862723356581795,no
28.8,0.6931203700204075,no
28.8,0.6966274610863806,no
28.8,0.6999994927661102,no
28.8,0.7035462722928535,no
28.8,0.6923033200705838,no
28.8,0.6879214508493576,no
28.8,0.6865925160415813,no
28.8,0.6904201952201886,no
28.8,0.6817788284205248,no
28.8,0.682966750762384,no
28.8,0.7078221840559147,no
28.8,0.6832212423275308,no
28.8,0.6687353244375364,no
28.8,0.691911568550973,no
28.8,0.6727387406600316,no
28.8,0.6881208897810391,no
28.8,0.6990221136307854,no
28.8,0.685345850576887,no
28.8,0.692733890307673,no
28.8,0.6793976834537576,no
28.8,0.6669718652212878,no
28.8,0.6829687741357671,no
28.8,0.6946958625641892,no
28.8,0.7085029684018983,no
28.8,0.6886026008785323,no
28.8,0.6794646408583515,no
28.8,0.685097563364897,no
28.8,0.7132448234842074,no
28.8,0.686601871938865,no
28.8,0.6838539985275494,no
28.8,0.6937803349955396,no
28.8,0.712592890709604,no
36.1,0.7591820518019567,no
36.1,0.7713503472235441,no
36.1,0.7671077293989689,no
36.1,0.7660120811334671,no
36.1,0.7641057974107263,no
36.1,0.7669076285163472,no
36.1,0.7545980272393011,no
36.1,0.7616842112694635,no
36.1,0.7622928144393412,no
36.1,0.760945666559779,no
36.1,0.7751104881441642,no
36.1,0.7658218050711605,no
36.1,0.776220598672072,no
36.1,0.7695294601854165,no
36.1,0.7775294184505717,no
36.1,0.7644330237931669,no
36.1,0.7660958115042839,no
36.1,0.7670807279113632,no
36.1,0.7736379735662977,no
36.1,0.7887754182285215,no
36.1,0.7574559634614025,no
36.1,0.7552882823611554,no
36.1,0.7661715696030651,no
36.1,0.7698433302157379,no
36.1,0.7668670081851664,no
36.1,0.7612974968050471,no
36.1,0.749920183045719,no
36.1,0.765762450053545,no
36.1,0.766636782199652,no
36.1,0.7673237714131115,no
36.1,0.7415021455839006,no
36.1,0.7637761225435603,no
36.1,0.7660035889890697,no
36.1,0.7711724537628142,no
36.1,0.7597164999566952,no
36.1,0.7808609361826215,no
36.1,0.770364350968686,no
36.1,0.7643969206835277,no
36.1,0.7803705606702999,no
36.1,0.7737414587761964,no
36.1,0.7648377831846186,no
36.1,0.7650831875308771,no
36.1,0.7642515119077116,no
36.1,0.746661952526243,no
36.1,0.7409779493877785,no
36.1,0.7748398985672981,no
36.1,0.7555062385660741,no
36.1,0.7810975510433776,no
36.1,0.7682733662639556,no
36.1,0.7813347781426206,no
36.1,0.7602780690161052,no
36.1,0.7840031035740714,no
36.1,0.7725221005571901,no
36.1,0.7650645956741673,no
36.1,0.7604983970981569,no
36.1,0.7720121940443552,no
36.1,0.7568034882220535,no
36.1,0.7759240579908084,no
36.1,0.7753915013951003,no
36.1,0.7529367978626448,no
36.1,0.7688549481822956,no
36.1,0.7581435456627429,no
36.1,0.7646616381066452,no
36.1,0.7604243311905926,no
36.1,0.7562459530258285,no
36.1,0.7454241101854469,no
36.1,0.7590700762174456,no
36.1,0.7551376647949569,no
36.1,0.7728132859466067,no
36.1,0.7677832028231623,no
36.1,0.7689915160010805,no
36.1,0.7638468186879338,no
36.1,0.7721385752342154,no
36.1,0.7736152841148549,no
36.1,0.750886976987843,no
36.1,0.7596845628260861,no
36.1,0.7509926305365909,no
36.1,0.7581551547961414,no
36.1,0.7790707044457069,no
36.1,0.7610042769794344,no
36.1,0.743385104298549,no
36.1,0.7687371801234137,no
36.1,0.7610969385208706,no
36.1,0.7742342332764512,no
36.1,0.7717895343838684,no
36.1,0.7647521675457758,no
36.1,0.7750553866169035,no
36.1,0.7462016600527138,no
36.1,0.7526204393495264,no
36.1,0.7701231039245714,no
36.1,0.7705735934405062,no
36.1,0.7766201039227404,no
36.1,0.7685162917893823,no
36.1,0.7599352082005626,no
36.1,0.7674658991889045,no
36.1,0.7782667351598324,no
36.1,0.7693786288653385,no
36.1,0.7683127132747262,no
36.1,0.777125780395852,no
36.1,0.7820753705446981,no
43.3,0.8268465746262793,no
43.3,0.8389336375446959,no
43.3,0.8434636726828151,no
43.3,0.8182539807763148,no
43.3,0.8162510382448375,no
43.3,0.8365786135599472,no
43.3,0.8122141360562953,no
43.3,0.8200986173784636,no
43.3,0.8375521436983624,no
43.3,0.8341737619876755,no
43.3,0.8272396042322152,no
43.3,0.8341895052414714,no
43.3,0.8280131330238407,no
43.3,0.836558555447516,no
43.3,0.839003643965808,no
43.3,0.8164179354483133,no
43.3,0.8223113693374795,no
43.3,0.8481003409760665,no
43.3,0.8328781426669271,no
43.3,0.8352822725437578,no
43.3,0.8349114065784262,no
43.3,0.8224503995201554,no
43.3,0.8429202734902079,no
43.3,0.8414542411283649,no
43.3,0.8299728390187951,no
43.3,0.8366512425554236,no
43.3,0.8180291706475034,no
43.3,0.8418110861042494,no
43.3,0.8400121218795091,no
43.3,0.8306236642367206,no
43.3,0.8217838083331105,no
43.3,0.8298616634733764,no
43.3,0.832454060020507,no
43.3,0.8341608947518158,no
43.3,0.8299514485123632,no
43.3,0.8417194757904761,no
43.3,0.8368755314525489,no
43.3,0.8369110796768044,no
43.3,0.8530614781332427,no
43.3,0.8399580037277559,no
43.3,0.8304261821021213,no
43.3,0.8289561654876814,no
43.3,0.8382301348689662,no
43.3,0.8225115290282582,no
43.3,0.8069950003059987,no
43.3,0.8396594158930389,no
43.3,0.8277176095434612,no
43.3,0.8455759325311796,no
43.3,0.8321941301033903,no
43.3,0.8438657868077838,no
43.3,0.8375281328297187,no
43.3,0.8446571913115942,no
43.3,0.8402941488246399,no
43.3,0.8326945069835073,no
43.3,0.8105224881778095,no
43.3,0.8332505103074896,no
43.3,0.8233166650593756,no
43.3,0.838849521854154,no
43.3,0.8446403108193965,no
43.3,0.81899492084207,no
43.3,0.8301082471809967,no
43.3,0.8287489705719656,no
43.3,0.8262241507061431,no
43.3,0.8318496549833247,no
43.3,0.8255569843938051,no
43.3,0.8169556668582282,no
43.3,0.8312507452529521,no
43.3,0.8262259417298315,no
43.3,0.8337115812881308,no
43.3,0.8409963447105798,no
43.3,0.8383294823791363,no
43.3,0.8399678619860329,no
43.3,0.8218488027190243,no
43.3,0.833512999735942,no
43.3,0.8169857661834842,no
43.3,0.8298517939659443,no
43.3,0.8232789953410738,no
43.3,0.8260627605872608,no
43.3,0.8502632500937333,no
43.3,0.828527626159232,no
43.3,0.8239018600829381,no
43.3,0.8408142889805339,no
43.3,0.8151317487932275,no
43.3,0.8288122223604936,no
43.3,0.8520760967021634,no
43.3,0.8279678404924208,no
43.3,0.8383464846533654,no
43.3,0.8172811722912956,no
43.3,0.8249337540745699,no
43.3,0.8413069649890338,no
43.3,0.8377412876231469,no
43.3,0.8355770218954284,no
43.3,0.8239594740146814,no
43.3,0.8254549905180452,no
43.3,0.8281870848398197,no
43.3,0.855548098895961,no
43.3,0.825064694620035,no
43.3,0.8260251869739927,no
43.3,0.8382369728238152,no
43.3,0.8495132328731073,no
50.5,0.891885397501734,no
50.5,0.8944644165843693,no
50.5,0.8960899175060155,no
50.5,0.888739641490237,no
50.5,0.8728813013490708,no
50.5,0.8852890659687581,no
50.5,0.8828685162712532,no
50.5,0.8773097143885832,no
50.5,0.9027112628994569,no
50.5,0.8983186509772842,no
50.5,0.9091335158595799,no
50.5,0.8957009952086706,no
50.5,0.9042955665966403,no
50.5,0.8914972645299896,no
50.5,0.9027352379952929,no
50.5,0.8838026882124317,no
50.5,0.8917202988054556,no
50.5,0.9120827216244439,no
50.5,0.8884578449311384,no
50.5,0.9049743598193918,no
50.5,0.8956397399001699,no
50.5,0.8681434361763749,no
50.5,0.8866450735128657,no
50.5,0.8873408665066581,no
50.5,0.8918080259512953,no
50.5,0.9005608523906987,no
50.5,0.8699076227732581,no
50.5,0.8920191616004942,no
50.5,0.8836248223250237,no
50.5,0.8912190173551071,no
50.5,0.8681755965666551,no
50.5,0.8897638322836748,no
50.5,0.8932752153812882,no
50.5,0.9000670485274301,no
50.5,0.8969694797651105,no
50.5,0.896151820899928,no
50.5,0.8802474335517111,no
50.5,0.9000518876249206,no
50.5,0.9108703033696559,no
50.5,0.9072548677232493,no
50.5,0.8973673153440276,no
50.5,0.8803324252386712,no
50.5,0.9044229738508748,no
50.5,0.8708787517922715,no
50.5,0.8678080658493784,no
50.5,0.8987208331781634,no
50.5,0.8928818771067907,no
50.5,0.915396412880537,no
50.5,0.8915658571965748,no
50.5,0.8999663464995854,no
50.5,0.9007103324169409,no
50.5,0.9127182303362867,no
50.5,0.9010425344092461,no
50.5,0.8985481312659912,no
50.5,0.8754779569327187,no
50.5,0.905573348043221,no
50.5,0.8779621908684608,no
50.5,0.8993006068338821,no
50.5,0.9194943424616163,no
50.5,0.8850576194565647,no
50.5,0.8885812852097155,no
50.5,0.874723495479766,no
50.5,0.8764092989356553,no
50.5,0.8757903602386634,no
50.5,0.8839725637997309,no
50.5,0.8903949828225657,no
50.5,0.8770986823044405,no
50.5,0.8733994394058544,no
50.5,0.9030588298611492,no
50.5,0.8923497776012834,no
50.5,0.9018921565633743,no
50.5,0.8952799932899996,no
50.5,0.8851220737471014,no
50.5,0.8964979391785554,no
50.5,0.8847503742169296,no
50.5,0.885532945323133,no
50.5,0.8834676144560474,no
50.5,0.8868125823357735,no
50.5,0.922499086608808,no
50.5,0.8804186857607841,no
50.5,0.8721131469979835,no
50.5,0.9019437006067241,no
50.5,0.8933552290764453,no
50.5,0.8897874124486388,no
50.5,0.9049625443858095,no
50.5,0.884396775963193,no
50.5,0.9024514754529717,no
50.5,0.866389127525292,no
50.5,0.8913968237804554,no
50.5,0.895125314236378,no
50.5,0.9083049221094718,no
50.5,0.9037209920811214,no
50.5,0.872064327673955,no
50.5,0.893578185066561,no
50.5,0.8926199024258656,no
50.5,0.9095363710814587,no
50.5,0.8843963818696289,no
50.5,0.8885432956927198,no
50.5,0.8989987373035518,no
50.5,0.9066873090211798,no
57.7,0.9444518169605775,no
57.7,0.9405135437646981,no
57.7,0.9709566561697666,no
57.7,0.9340457481320726,no
57.7,0.9457576699565585,no
57.7,0.9334241112410298,no
57.7,0.9279746578236042,no
57.7,0.9371806077185654,no
57.7,0.948522521270215,no
57.7,0.947052119598305,no
57.7,0.9561177880937314,no
57.7,0.9610606990499865,no
57.7,0.9573103612997961,no
57.7,0.9690729291139603,no
57.7,0.9480641868286114,no
57.7,0.937238649750568,no
57.7,0.9467015453649853,no
57.7,0.9609212603478308,no
57.7,0.9502896277976423,no
57.7,0.9728175122687965,no
57.7,0.9603432872558985,no
57.7,0.9355785769916112,no
57.7,0.9471062257746139,no
57.7,0.9386454498117667,no
57.7,0.9401478082666774,no
57.7,0.9520211467521938,no
57.7,0.9216745520318775,no
57.7,0.9430784711330947,no
57.7,0.944591503092113,no
57.7,0.9540177960336313,no
57.7,0.9263290993259512,no
57.7,0.9398657846692473,no
57.7,0.9517633242933503,no
57.7,0.9444402379631184,no
57.7,0.9401871816494818,no
57.7,0.9522955275004917,no
57.7,0.9476463069221396,no
57.7,0.9547239353646496,no
57.7,0.9591249766684546,no
57.7,0.9585828371662659,no
57.7,0.956203020059593,no
57.7,0.9370801197859207,no
57.7,0.9443802154844836,no
57.7,0.936030799323003,no
57.7,0.9281313043783824,no
57.7,0.9545301239223958,no
57.7,0.9300869021595981,no
57.7,0.9675515497068798,no
57.7,0.94178811040416,no
57.7,0.9667239453918455,no
57.7,0.9470761553720671,no
57.7,0.9549718547604598,no
57.7,0.9601189595920036,no
57.7,0.9551873117054456,no
57.7,0.9403995710902365,no
57.7,0.9555777617896509,no
57.7,0.9535962648369952,no
57.7,0.9436102965183543,no
57.7,0.9625782944561552,no
57.7,0.9411252967032442,no
57.7,0.9515864064286654,no
57.7,0.9259346163439593,no
57.7,0.9297562959863381,no
57.7,0.9435790296910281,no
57.7,0.944190407763003,no
57.7,0.9263410771288734,no
57.7,0.9250997990708271,no
57.7,0.9283454079859851,no
57.7,0.9430311518620617,no
57.7,0.9553006831942366,no
57.7,0.9550226467862224,no
57.7,0.9431007375275334,no
57.7,0.9500498060977006,no
57.7,0.9474438699110516,no
57.7,0.9352327129342476,no
57.7,0.9483601113702371,no
57.7,0.9250584767461282,no
57.7,0.9386786486295777,no
57.7,0.968335045496155,no
57.7,0.9390961252031099,no
57.7,0.9317583283406815,no
57.7,0.9508732095975558,no
57.7,0.953246240660217,no
57.7,0.9528728915378744,no
57.7,0.9638686276687346,no
57.7,0.9516844668530486,no
57.7,0.9461621641932273,no
57.7,0.9362367264944957,no
57.7,0.9408329324270531,no
57.7,0.9421613673422962,no
57.7,0.9671198477357988,no
57.7,0.9815656796226757,no
57.7,0.9380943910756201,no
57.7,0.9611373618814528,no
57.7,0.9616237645385808,no
57.7,0.9599488257946143,no
57.7,0.9425550168356,no
57.7,0.9579920355405162,no
57.7,0.9428128670233504,no
57.7,0.9531205329376755,no
65.0,1.0,no
65.0,1.0,no
65.0,1.0,no
65.0,1.0,no
65.0,1.0,no
65.0,1.0,no
65.0,1.0,no
65.0,1.0,no
65.0,1.0,no
65.0,1.0,no
65.0,1.0,no
65.0,1.0,no
65.0,1.0,no
65.0,1.0,no
65.0,1.0,no
65.0,1.0,no
65.0,1.0,no
65.0,1.0,no
65.0,1.0,no
65.0,1.0,no
65.0,1.0,no
65.0,1.0,no
65.0,1.0,no
65.0,1.0,no
65.0,1.0,no
65.0,1.0,no
65.0,1.0,no
65.0,1.0,no
65.0,1.0,no
65.0,1.0,no
65.0,1.0,no
65.0,1.0,no
65.0,1.0,no
65.0,1.0,no
65.0,1.0,no
65.0,1.0,no
65.0,1.0,no
65.0,1.0,no
65.0,1.0,no
65.0,1.0,no
65.0,1.0,no
65.0,1.0,no
65.0,1.0,no
65.0,1.0,no
65.0,1.0,no
65.0,1.0,no
65.0,1.0,no
65.0,1.0,no
65.0,1.0,no
65.0,1.0,no
65.0,1.0,no
65.0,1.0,no
65.0,1.0,no
65.0,1.0,no
65.0,1.0,no
65.0,1.0,no
65.0,1.0,no
65.0,1.0,no
65.0,1.0,no
65.0,1.0,no
65.0,1.0,no
65.0,1.0,no
65.0,1.0,no
65.0,1.0,no
65.0,1.0,no
65.0,1.0,no
65.0,1.0,no
65.0,1.0,no
65.0,1.0,no
65.0,1.0,no
65.0,1.0,no
65.0,1.0,no
65.0,1.0,no
65.0,1.0,no
65.0,1.0,no
65.0,1.0,no
65.0,1.0,no
65.0,1.0,no
65.0,1.0,no
65.0,1.0,no
65.0,1.0,no
65.0,1.0,no
65.0,1.0,no
65.0,1.0,no
65.0,1.0,no
65.0,1.0,no
65.0,1.0,no
65.0,1.0,no
65.0,1.0,no
65.0,1.0,no
65.0,1.0,no
65.0,1.0,no
65.0,1.0,no
65.0,1.0,no
65.0,1.0,no
65.0,1.0,no
65.0,1.0,no
65.0,1.0,no
65.0,1.0,no
65.0,1.0,no
